Workbook

Sheet 1
A1: کد صورت حساب در سیستم حسابداری | B1: کد شخص در سیستم حسابداری | C1: نام طرف حساب | D1: نوع طرف حساب | E1: کد ملی / شناسه ملی | F1: کد اقتصادی | G1: کد پستی | H1: تلفن | I1: آدرس | J1: کد شعبه | K1: شماره گذرنامه | L1: کد کالا در سیستم حسابداری | M1: شناسه کالا | N1: نام کالا | O1: نوع کالا | P1: واحد اندازه گیری | Q1: نرخ ارزش افزوده | R1: موضوع سایر وجوه قانونی | S1: نرخ سایر وجوه قانونی | T1: موضوع سایر مالیات و عوارض | U1: نرخ سایر مالیات و عوارض | V1: مبلغ سایر وجوه قانونی | W1: مبلغ سایر مالیات و عوارض | X1: تاریخ و زمان صدور صورت حساب | Y1: نوع صورت حساب | Z1: الگوی صورت حساب | AA1: موضوع صورت حساب | AB1: روش تسویه | AC1: تعداد/مقدار | AD1: مبلغ واحد | AE1: مبلغ تخفیف | AF1: مالیات موضوع ماده 17 | AG1: مجموع مبلغ دریافتی با ارزش افزوده | AH1: نوع پرواز | AI1: کد ملی مسافر | AJ1: اجرت ساخت | AK1: سود فروشنده | AL1: حق العمل | AM1: عیار | AN1: نرخ ارزش افزوده سود و کارمزد طلا | AO1: توضیحات فاکتور | AP1: شناسه یکتای ثبت قرارداد پیمانکاری | AQ1: شماره اشتراک/ شناسه قبض بهره بردار | AR1: شناسه یکتای حق العمل کاری | AS1: شماره موبایل طرف حساب
A2: 40407180001 | B2: 1 | C2: مصرف کننده نهایی | D2: 5 | L2: 2720000002337 | M2: 2720000002337 | N2: چاي | O2: 1 | P2: 1627 | Q2: 0 | X2: 1404-07-18 | Y2: 2 | Z2: 1 | AA2: 1 | AB2: 1 | AC2: 12 | AD2: 5300000 | BA2: =AD2*AC2+(AD2*AC2*Q2%) -> 63600000
A3: 40407180001 | B3: 1 | C3: مصرف کننده نهایی | D3: 5 | L3: 2720000002337 | M3: 2720000002337 | N3: چاي | O3: 1 | P3: 1627 | Q3: 0 | X3: 1404-07-18 | Y3: 2 | Z3: 1 | AA3: 1 | AB3: 1 | AC3: 10 | AD3: 1090000 | BA3: =AD3*AC3+(AD3*AC3*Q3%) -> 10900000
A4: 40407180001 | B4: 1 | C4: مصرف کننده نهایی | D4: 5 | L4: 2720000001620 | M4: 2720000001620 | N4: قند | O4: 1 | P4: 1627 | Q4: 10 | X4: 1404-07-18 | Y4: 2 | Z4: 1 | AA4: 1 | AB4: 1 | AC4: 30 | AD4: 850000 | BA4: =AD4*AC4+(AD4*AC4*Q4%) -> 28050000
A5: 40407180001 | B5: 1 | C5: مصرف کننده نهایی | D5: 5 | L5: 2720000185733 | M5: 2720000185733 | N5: کشمش | O5: 1 | P5: 1627 | Q5: 0 | X5: 1404-07-18 | Y5: 2 | Z5: 1 | AA5: 1 | AB5: 1 | AC5: 5 | AD5: 29000000 | BA5: =AD5*AC5+(AD5*AC5*Q5%) -> 145000000
A6: 40407180001 | B6: 1 | C6: مصرف کننده نهایی | D6: 5 | L6: 2720000185733 | M6: 2720000185733 | N6: کشمش | O6: 1 | P6: 1627 | Q6: 0 | X6: 1404-07-18 | Y6: 2 | Z6: 1 | AA6: 1 | AB6: 1 | AC6: 10 | AD6: 26500000 | BA6: =AD6*AC6+(AD6*AC6*Q6%) -> 265000000
A7: 40407180001 | B7: 1 | C7: مصرف کننده نهایی | D7: 5 | L7: 2720000064304 | M7: 2720000064304 | N7: پلاستيک | O7: 1 | P7: 1627 | Q7: 10 | X7: 1404-07-18 | Y7: 2 | Z7: 1 | AA7: 1 | AB7: 1 | AC7: 1000 | AD7: 467000 | BA7: =AD7*AC7+(AD7*AC7*Q7%) -> 513700000
A8: 40407180001 | B8: 1 | C8: مصرف کننده نهایی | D8: 5 | L8: 2720000000081 | M8: 2720000000081 | N8: لوبيا | O8: 1 | P8: 1627 | Q8: 0 | X8: 1404-07-18 | Y8: 2 | Z8: 1 | AA8: 1 | AB8: 1 | AC8: 30 | AD8: 2610000 | BA8: =AD8*AC8+(AD8*AC8*Q8%) -> 78300000
A9: 40407180001 | B9: 1 | C9: مصرف کننده نهایی | D9: 5 | L9: 2720000002146 | M9: 2720000002146 | N9: ليمو عماني | O9: 1 | P9: 1627 | Q9: 0 | X9: 1404-07-18 | Y9: 2 | Z9: 1 | AA9: 1 | AB9: 1 | AC9: 3 | AD9: 4600000 | BA9: =AD9*AC9+(AD9*AC9*Q9%) -> 13800000
A10: 40407180001 | B10: 1 | C10: مصرف کننده نهایی | D10: 5 | L10: 2720000002788 | M10: 2720000002788 | N10: نشاسته | O10: 1 | P10: 1627 | Q10: 10 | X10: 1404-07-18 | Y10: 2 | Z10: 1 | AA10: 1 | AB10: 1 | AC10: 10 | AD10: 605000 | BA10: =AD10*AC10+(AD10*AC10*Q10%) -> 6655000
A11: 40407180001 | B11: 1 | C11: مصرف کننده نهایی | D11: 5 | L11: 2720000002023 | M11: 2720000002023 | N11: تخمه | O11: 1 | P11: 1627 | Q11: 0 | X11: 1404-07-18 | Y11: 2 | Z11: 1 | AA11: 1 | AB11: 1 | AC11: 5 | AD11: 3860000 | BA11: =AD11*AC11+(AD11*AC11*Q11%) -> 19300000
A12: 40407180002 | B12: 1 | C12: مصرف کننده نهایی | D12: 5 | L12: 2720000002023 | M12: 2720000002023 | N12: تخمه | O12: 1 | P12: 1627 | Q12: 0 | X12: 1404-07-18 | Y12: 2 | Z12: 1 | AA12: 1 | AB12: 1 | AC12: 5 | AD12: 2130000 | BA12: =AD12*AC12+(AD12*AC12*Q12%) -> 10650000
A13: 40407180002 | B13: 1 | C13: مصرف کننده نهایی | D13: 5 | L13: 2720000044337 | M13: 2720000044337 | N13: حشره کش | O13: 1 | P13: 1627 | Q13: 0 | X13: 1404-07-18 | Y13: 2 | Z13: 1 | AA13: 1 | AB13: 1 | AC13: 12 | AD13: 863000 | BA13: =AD13*AC13+(AD13*AC13*Q13%) -> 10356000
... A137: 40407180014 | B137: 1 | C137: مصرف کننده نهایی | D137: 5 | L137: 2720000000982 | M137: 2720000000982 | N137: برنج | O137: 1 | P137: 1627 | Q137: 0 | X137: 1404-07-18 | Y137: 2 | Z137: 1 | AA137: 1 | AB137: 1 | AC137: 1 | AD137: 1701870 | BA137: =AD137*AC137+(AD137*AC137*Q137%) -> 1701870

Sheet بانک
F1: گزارش مقایسه ای فروش واریزی به بانک و فروش در سامانه مودیان | K1: تاریخ: | L1: 1404/07/18
A2: ردیف | B2: نام بانک | C2: مبلغ واریزی کل | D2: جابه جایی خودمان | E2: وام | F2: نقدی | G2: کارت به کارت مشتری | H2: وصول چک مشتری | I2: پوز (شاپرک) | J2: جمع واریزی از فروش | K2: برگشت از فروش | L2: فروش خالص
A3: =ROW()-ROW(Table1[[#Headers],[نام بانک]]) -> 1 | B3: تجارت 76235 | C3: =SUM(Table1[[#This Row],[جابه جایی خودمان]:[پوز (شاپرک)]]) -> 154920000 | I3: =تجارت6235!L25 -> 154920000 | J3: =Table1[[#This Row],[نقدی]]+Table1[[#This Row],[کارت به کارت مشتری]]+Table1[[#This Row],[وصول چک مشتری]]+Table1[[#This Row],[پوز (شاپرک)]] -> 154920000 | L3: =Table1[[#This Row],[جمع واریزی از فروش]]-Table1[[#This Row],[برگشت از فروش]] -> 154920000
A4: =ROW()-ROW(Table1[[#Headers],[نام بانک]]) -> 2 | B4: تجارت 2987 | C4: =SUM(Table1[[#This Row],[جابه جایی خودمان]:[پوز (شاپرک)]]) -> 1372220730 | I4: =تجارت2987!L26 -> 1372220730 | J4: =Table1[[#This Row],[نقدی]]+Table1[[#This Row],[کارت به کارت مشتری]]+Table1[[#This Row],[وصول چک مشتری]]+Table1[[#This Row],[پوز (شاپرک)]] -> 1372220730 | L4: =Table1[[#This Row],[جمع واریزی از فروش]]-Table1[[#This Row],[برگشت از فروش]] -> 1372220730
A5: =ROW()-ROW(Table1[[#Headers],[نام بانک]]) -> 3 | B5: رفاه 18151 | C5: =SUM(Table1[[#This Row],[جابه جایی خودمان]:[پوز (شاپرک)]]) -> 200200000 | I5: =رفاه8151!K5 -> 200200000 | J5: =Table1[[#This Row],[نقدی]]+Table1[[#This Row],[کارت به کارت مشتری]]+Table1[[#This Row],[وصول چک مشتری]]+Table1[[#This Row],[پوز (شاپرک)]] -> 200200000 | L5: =Table1[[#This Row],[جمع واریزی از فروش]]-Table1[[#This Row],[برگشت از فروش]] -> 200200000
A6: =ROW()-ROW(Table1[[#Headers],[نام بانک]]) -> 4 | B6: رفاه 5421 | C6: =SUM(Table1[[#This Row],[جابه جایی خودمان]:[پوز (شاپرک)]]) -> 0 | J6: =Table1[[#This Row],[نقدی]]+Table1[[#This Row],[کارت به کارت مشتری]]+Table1[[#This Row],[وصول چک مشتری]]+Table1[[#This Row],[پوز (شاپرک)]] -> 0 | L6: =Table1[[#This Row],[جمع واریزی از فروش]]-Table1[[#This Row],[برگشت از فروش]] -> 0
A7: =ROW()-ROW(Table1[[#Headers],[نام بانک]]) -> 5 | B7: صادرات 6009 | C7: =SUM(Table1[[#This Row],[جابه جایی خودمان]:[پوز (شاپرک)]]) -> 0 | J7: =Table1[[#This Row],[نقدی]]+Table1[[#This Row],[کارت به کارت مشتری]]+Table1[[#This Row],[وصول چک مشتری]]+Table1[[#This Row],[پوز (شاپرک)]] -> 0 | L7: =Table1[[#This Row],[جمع واریزی از فروش]]-Table1[[#This Row],[برگشت از فروش]] -> 0
A8: =ROW()-ROW(Table1[[#Headers],[نام بانک]]) -> 6 | B8: مسکن 41509 | C8: =SUM(Table1[[#This Row],[جابه جایی خودمان]:[پوز (شاپرک)]]) -> 4100000 | I8: =مسکن!H11 -> 4100000 | J8: =Table1[[#This Row],[نقدی]]+Table1[[#This Row],[کارت به کارت مشتری]]+Table1[[#This Row],[وصول چک مشتری]]+Table1[[#This Row],[پوز (شاپرک)]] -> 4100000 | L8: =Table1[[#This Row],[جمع واریزی از فروش]]-Table1[[#This Row],[برگشت از فروش]] -> 4100000
A9: =ROW()-ROW(Table1[[#Headers],[نام بانک]]) -> 7 | B9: ملت 19378.39 | C9: =SUM(Table1[[#This Row],[جابه جایی خودمان]:[پوز (شاپرک)]]) -> 415500000 | I9: =ملت!B13 -> 415500000 | J9: =Table1[[#This Row],[نقدی]]+Table1[[#This Row],[کارت به کارت مشتری]]+Table1[[#This Row],[وصول چک مشتری]]+Table1[[#This Row],[پوز (شاپرک)]] -> 415500000 | L9: =Table1[[#This Row],[جمع واریزی از فروش]]-Table1[[#This Row],[برگشت از فروش]] -> 415500000
A10: =ROW()-ROW(Table1[[#Headers],[نام بانک]]) -> 8 | B10: ملی 3001 | C10: =SUM(Table1[[#This Row],[جابه جایی خودمان]:[پوز (شاپرک)]]) -> 0 | J10: =Table1[[#This Row],[نقدی]]+Table1[[#This Row],[کارت به کارت مشتری]]+Table1[[#This Row],[وصول چک مشتری]]+Table1[[#This Row],[پوز (شاپرک)]] -> 0 | L10: =Table1[[#This Row],[جمع واریزی از فروش]]-Table1[[#This Row],[برگشت از فروش]] -> 0
A11: =ROW()-ROW(Table1[[#Headers],[نام بانک]]) -> 9 | B11: پارسیان42000 | C11: =SUM(Table1[[#This Row],[جابه جایی خودمان]:[پوز (شاپرک)]]) -> 2588165450 | D11: =پارسیان!E13 -> 1920000000 | I11: =پارسیان!E12 -> 668165450 | J11: =Table1[[#This Row],[نقدی]]+Table1[[#This Row],[کارت به کارت مشتری]]+Table1[[#This Row],[وصول چک مشتری]]+Table1[[#This Row],[پوز (شاپرک)]] -> 668165450 | L11: =Table1[[#This Row],[جمع واریزی از فروش]]-Table1[[#This Row],[برگشت از فروش]] -> 668165450
A12: =ROW()-ROW(Table1[[#Headers],[نام بانک]]) -> 10 | B12: پست بانک 55782 | C12: =SUM(Table1[[#This Row],[جابه جایی خودمان]:[پوز (شاپرک)]]) -> 0 | J12: =Table1[[#This Row],[نقدی]]+Table1[[#This Row],[کارت به کارت مشتری]]+Table1[[#This Row],[وصول چک مشتری]]+Table1[[#This Row],[پوز (شاپرک)]] -> 0 | L12: =Table1[[#This Row],[جمع واریزی از فروش]]-Table1[[#This Row],[برگشت از فروش]] -> 0
A13: =ROW()-ROW(Table1[[#Headers],[نام بانک]]) -> 11 | B13: ولی عصر 875 | C13: =SUM(Table1[[#This Row],[جابه جایی خودمان]:[پوز (شاپرک)]]) -> 0 | J13: =Table1[[#This Row],[نقدی]]+Table1[[#This Row],[کارت به کارت مشتری]]+Table1[[#This Row],[وصول چک مشتری]]+Table1[[#This Row],[پوز (شاپرک)]] -> 0 | L13: =Table1[[#This Row],[جمع واریزی از فروش]]-Table1[[#This Row],[برگشت از فروش]] -> 0
A14: 12 | B14: تجارت 305 | C14: =SUM(Table1[[#This Row],[جابه جایی خودمان]:[پوز (شاپرک)]]) -> 0 | J14: =Table1[[#This Row],[نقدی]]+Table1[[#This Row],[کارت به کارت مشتری]]+Table1[[#This Row],[وصول چک مشتری]]+Table1[[#This Row],[پوز (شاپرک)]] -> 0 | L14: =Table1[[#This Row],[جمع واریزی از فروش]]-Table1[[#This Row],[برگشت از فروش]] -> 0
A15: 13 | B15: پارسیان 70004 | C15: =SUM(Table1[[#This Row],[جابه جایی خودمان]:[پوز (شاپرک)]]) -> 836776690 | I15: ='پارسیان 70004'!E5 -> 836776690 | J15: =Table1[[#This Row],[کارت به کارت مشتری]]+Table1[[#This Row],[وصول چک مشتری]]+Table1[[#This Row],[پوز (شاپرک)]] -> 836776690 | L15: =Table1[[#This Row],[جمع واریزی از فروش]]-Table1[[#This Row],[برگشت از فروش]] -> 836776690
B16: جمع | C16: =SUBTOTAL(109,C3:C14) -> 4735106180 | D16: =SUBTOTAL(109,D3:D15) -> 1920000000 | E16: =SUBTOTAL(109,E3:E15) -> 0 | F16: =SUBTOTAL(109,F3:F15) -> 0 | G16: =SUBTOTAL(109,G3:G15) -> 0 | H16: =SUBTOTAL(109,H3:H15) -> 0 | I16: =SUBTOTAL(109,I3:I15) -> 3651882870 | J16: =SUBTOTAL(109,J3:J15) -> 3651882870 | K16: =SUBTOTAL(109,K3:K15) -> 0 | L16: =SUBTOTAL(109,L3:L15) -> 3651882870
K17: نتیجه گزارش | L17: مبلغ
K18: فروش اکسل مودیان | L18: ='1'!BA138 -> 0
K19: فروش خالص | L19: =L16 -> 3651882870
K20: اختلاف | L20: =L18-L19 -> -3651882870

Sheet تجارت6235
E2: نشانی: تهران - خیابان آیت ا... طالقانی، تقاطع خیابان استاد نجات اللهی، شماره 15 صندوق های پستی: 11365-3139-5416
B3: 1404/07/19 | C3: تاریخ:
E6: محمدتقی عموئی | F6: کاربر:
E7: محمدتقی عموئی | F7: مشتری:
E8: تمامی تراکنش ها | F8: نوع تراکنش :
F9: دسته بندی
F10: از تاریخ 1404/07/17 تا تاریخ 1404/07/18
G13: خلاصه وضعیت دوره
B14: مانده انتهایی دوره | C14: مانده ابتدایی دوره | D14: بستانکار | E14: بدهکار | F14: تعداد تراکنش | G14: شماره حساب
B15: 13,808,044,695 | C15: 17,364,339,741 | D15: 220,665,000 | E15: 3,776,960,046 | F15: 10 | G15: 0000985076235
I17: جزئیات دوره
B18: RRN | C18: کد رهگیری | D18: شناسه پرداخت دوم | E18: شناسه پرداخت اول | F18: شماره سند | G18: شرح سند | H18: شرح تراکنش | I18: شرح عملیات | J18: کد شعبه | K18: تشخیص | L18: واریز | M18: برداشت | N18: موجودی حساب | O18: زمان | P18: تاریخ | Q18: شماره حساب
B19: 000046871211 | C19: 0 | F19: 0 | G19: ۲۱۷واريزپ شرح جدول | H19: برداشت بابت کارمزد شاپرک شماره ارجاع۴۶۸۷۱۲۱۱ | J19: 9420 | K19: کارمزد | L19: 0 | M19: 8496 | N19: 13,808,044,695 | O19: 13:52:50 | P19: 1404/07/18 | Q19: 0000985076235
B20: 000046871211 | C20: 0 | F20: 0 | G20: ۰۰۰۰۰۰۰۰۸۴۹۶ج ي نلکطسلمض | H20: واريز تجميعي شاپرک از طريق پايا | J20: 9420 | K20: فروش پوز | L20: 42480000 | M20: 0 | N20: 13,808,053,191 | O20: 13:52:50 | P20: 1404/07/18 | Q20: 0000985076235
B21: 000734278700 | C21: 0 | F21: 0 | G21: ۰۰۰۰۰۰۰۰۰۰۰۰ج ي نلکطسلمض | H21: واريز تجميعي شاپرک از طريق پايا | J21: 9420 | K21: فروش پوز | L21: 112440000 | M21: 0 | N21: 13,765,573,191 | O21: 13:25:33 | P21: 1404/07/18 | Q21: 0000985076235
K23: مجموع | L23: =SUM(L20:L21) -> 154920000 | M23: =SUM(M19) -> 8496
K25: فروش پوز | L25: =SUM(L20:L21) -> 154920000
K26: کارمزد | M26: =M19 -> 8496
K27: مجموع | L27: =SUM(L25) -> 154920000 | M27: =SUM(M26) -> 8496

Sheet تجارت2987
E2: نشانی: تهران - خیابان آیت ا... طالقانی، تقاطع خیابان استاد نجات اللهی، شماره 15 صندوق های پستی: 11365-3139-5416
B3: 1404/07/19 | C3: تاریخ:
E6: محمدتقی عموئی | F6: کاربر:
E7: محمدتقی عموئی | F7: مشتری:
E8: تمامی تراکنش ها | F8: نوع تراکنش :
F9: دسته بندی
F10: از تاریخ 1404/07/17 تا تاریخ 1404/07/18
G13: خلاصه وضعیت دوره
B14: مانده انتهایی دوره | C14: مانده ابتدایی دوره | D14: بستانکار | E14: بدهکار | F14: تعداد تراکنش | G14: شماره حساب
B15: 1,378,189,569 | C15: 183,623,824 | D15: 3,114,640,745 | E15: 1,920,075,000 | F15: 6 | G15: 0004778552987
I17: جزئیات دوره
B18: RRN | C18: کد رهگیری | D18: شناسه پرداخت دوم | E18: شناسه پرداخت اول | F18: شماره سند | G18: شرح سند | H18: شرح تراکنش | I18: شرح عملیات | J18: کد شعبه | K18: تشخیص | L18: واریز | M18: برداشت | N18: موجودی حساب | O18: زمان | P18: تاریخ | Q18: شماره حساب
B19: 000979475106 | C19: 0 | F19: 0 | G19: ۰۰۰۰۰۰۰۰۰۰۰۰ج ي نلکطسلمض | H19: واريز تجميعي شاپرک از طريق پايا | J19: 9420 | K19: فروش پوز | L19: 1221502580 | M19: 0 | N19: 1,378,189,569 | O19: 14:16:01 | P19: 1404/07/18 | Q19: 0004778552987
B20: 000979474106 | C20: 0 | F20: 0 | G20: ۰۰۰۰۰۰۰۰۰۰۰۰ج ي نلکطسلمض | H20: واريز تجميعي شاپرک از طريق پايا | J20: 9420 | K20: فروش پوز | L20: 150718150 | M20: 0 | N20: 156,686,989 | O20: 14:01:26 | P20: 1404/07/18 | Q20: 0004778552987
B21: 5483855880 | C21: 278238 | F21: 8278238 | H21: حواله پايا همراه بانک شباي مبداIR980180000000347785529874تجارت شباي مقصدIR570540211602000134642000پارسيان کد رهگيري۴۰۷۱۸۰۱۸۲۷۸۲۳۸۹ | J21: 9420 | K21: جابجایی از تجارت2987 به پارسیان | L21: 0 | M21: 1920000000 | N21: 5,968,839 | O21: 07:52:44 | P21: 1404/07/18 | Q21: 0004778552987
F22: 8278238 | H22: برداشت بابت کارمزد پايا شباي مبداIR980180000000347785529874تجارت شباي مقصدIR570540211602000134642000پارسيان کد رهگيري۴۰۷۱۸۰۱۸۲۷۸۲۳۸۹ | J22: 9420 | K22: کارمزد | L22: 0 | M22: 75000 | N22: 1,925,968,839 | O22: 07:52:44 | P22: 1404/07/18 | Q22: 0004778552987
K24: مجموع | L24: =SUM(L19:L20) -> 1372220730 | M24: =SUM(M21:M22) -> 1920075000
K26: فروش پوز | L26: =SUM(L19:L20) -> 1372220730
K27: جابجایی | M27: =M21 -> 1920000000
K28: کارمزد | M28: =M22 -> 75000
K29: مجموع | L29: =SUM(L26) -> 1372220730 | M29: =SUM(M27:M28) -> 1920075000

Sheet رفاه8151
B1: نام مشتري : محمدتقی عموئی شماره حساب : 222418151 نوع حساب : جاری نام مستعار : جاری پخش از تاريخ : 1404/07/17 تا تاريخ : 1404/07/18 تعداد 400 گردش آخر
B2: یادداشت | C2: موجودی | D2: توضیحات | E2: شناسه واریز | F2: چک/فیش | H2: شعبه | I2: شماره سند | J2: برداشت | K2: واریز | L2: تشخیص | M2: زمان | N2: تاریخ | O2: ردیف
C3: 984,774,190 | D3: پایا040717041100000001167054077003مرکزشاپرک شاپرک | H3: 1841 | I3: 00000169 | J3: 0 | K3: 200200000 | L3: فروش پوز | M3: ‭13:19‬ | N3: ‭1404/07/18‬ | O3: 1
K5: 200200000 | L5: فروش پوز

Sheet مسکن
B1: بانک مسکن
B2: نام و نام خانوادگی: محمدتقی عموئی
B3: شماره حساب: 13012941509
B4: شماره شبا: IR48 0140 0400 0001 3012 9415 09
B5: صورت حساب کلي حساب
B6: از تاریخ: 1404/07/17 تا تاریخ: 1404/07/18
B7: تاریخ اخذ: 1404/07/19
A8: ردیف | B8: تاريخ | C8: ساعت | D8: شماره پيگيري | E8: شماره چک | F8: شرح | G8: بدهکار | H8: بستانکار | I8: تشخیص | J8: مانده | K8: محل پرداخت | L8: شناسه واریز
A9: 1 | B9: 1404/07/18 | C9: 13:40 | D9: 16195709 | E9: - | F9: واریز پایا-واریز غیر نقدی مرکزشاپرک بابت پرداخت قرض وتاییدیه دیون 040717052130000000072730206543 مرکزشاپرک واریز پایا کد پذیرنده : 300000000727302 | G9: 0 | H9: 4100000 | I9: فروش پوز | J9: 142952910 | K9: 9965 اداره کل نقدینگی و خزانه داری | L9: EMPTY
H11: 4100000 | I11: فروش پوز

Sheet ملت
A1: مانده | B1: واریز | C1: برداشت | D1: تشخیص | E1: شرح | F1: واریز کننده/ ذیتفع | G1: شماره سریال | H1: شناسه واریز | I1: کد حسابگری | J1: شعبه | K1: زمان | L1: تاریخ | M1: رديف
A2: 251140890 | B2: 6400000 | C2: 0 | D2: فروش پوز | E2: خریدکارتخوان به پرداخت م:۳۲۲۷۹۳۱۰۱۹۴۷ | F2: شاپرک-پوز۱۷۸۴۴۸۹ | G2: 793101947 | H2: 0 | I2: 448101 | J2: شاپرک | K2: 0.24135417 | L2: 1404/07/18 | M2: 9
A3: 301140890 | B3: 50000000 | C3: 0 | D3: فروش پوز | E3: خریدکارتخوان به پرداخت م:۳۲۲۸۱۸۱۵۷۶۳۹ | F3: شاپرک-پوز۱۷۸۴۴۸۹ | G3: 818157639 | H3: 0 | I3: 448101 | J3: شاپرک | K3: 0.24180556 | L3: 1404/07/18 | M3: 10
A4: 307640890 | B4: 6500000 | C4: 0 | D4: فروش پوز | E4: خریدکارتخوان به پرداخت م:۳۲۲۷۸۱۱۷۵۷۳۹ | F4: شاپرک-پوز۱۷۸۴۴۸۹ | G4: 781175739 | H4: 0 | I4: 448101 | J4: شاپرک | K4: 0.24195602 | L4: 1404/07/18 | M4: 11
A5: 331640890 | B5: 24000000 | C5: 0 | D5: فروش پوز | E5: خریدکارتخوان به پرداخت م:۳۲۲۸۱۵۲۸۴۴۱۹ | F5: شاپرک-پوز۱۷۸۴۴۸۹ | G5: 815284419 | H5: 0 | I5: 448101 | J5: شاپرک | K5: 0.24289352 | L5: 1404/07/18 | M5: 12
A6: 620640890 | B6: 289000000 | C6: 0 | D6: فروش پوز | E6: خریدکارتخوان به پرداخت م:۳۲۲۷۹۹۳۷۰۴۷۲ | F6: شاپرک-پوز۱۷۸۴۴۸۹ | G6: 799370472 | H6: 0 | I6: 448101 | J6: شاپرک | K6: 0.24359954 | L6: 1404/07/18 | M6: 13
A7: 660240890 | B7: 39600000 | C7: 0 | D7: فروش پوز | E7: خریدکارتخوان به پرداخت م:۳۲۲۸۱۸۶۱۹۳۷۸ | F7: شاپرک-پوز۱۷۸۴۴۸۹ | G7: 818619378 | H7: 0 | I7: 448101 | J7: شاپرک | K7: 0.24550926 | L7: 1404/07/18 | M7: 14
A8: 660157790 | B8: 0 | C8: 83100 | D8: کارمزد | E8: کارمزد ۶ تراکنش ریز خرید شاپرک | G8: 180797763 | H8: 0 | I8: 1503 | J8: اداره کل مدیریت عملیات | K8: 0.48038194 | L8: 1404/07/18 | M8: 15
A9: 523293300 | B9: 0 | C9: 136864490 | D9: پرداخت قسط وام | E9: بازپرداخت تسهیلات_۱۴۰۳۴۴۸۷۷۸۳۴۹. | F9: محمدتقی عموئی | G9: 210423998 | H9: 0 | I9: 2402 | J9: اداره حسابداری متمرکز | K9: 0.87805556 | L9: 1404/07/18 | M9: 16
A11: مجموع | B11: =SUM(B2:B10) -> 415500000 | C11: =SUM(C8:C9) -> 136947590
A13: فروش پوز | B13: =SUM(B2:B7) -> 415500000
A14: کارمزد | C14: =C8 -> 83100
A15: پرداخت قسط وام | C15: =C9 -> 136864490
A16: مجموع | B16: =SUM(B13) -> 415500000 | C16: =SUM(C14:C15) -> 136947590

Sheet ملی
H3: نام و نام خانوادگی: | I3: محمد تقی‌ ‌عموئی‌ | J3: کد ملی: | K3: 4578700976
H4: شماره حساب: | I4: 0104026303001 | J4: تاریخ و ساعت دانلود: | K4: 1404/07/19 10:58
H5: از تاریخ: | I5: 1404/07/17 | J5: تا تاریخ: | K5: 1404/07/18
A8: ردیف | B8: تاریخ | C8: زمان | D8: شعبه | E8: نوع | F8: مبلغ | G8: تشخیص | H8: شماره پیگیری | I8: اطلاعات تکمیلی | J8: شرح | K8: توضیحات | L8: مانده | M8: کانال تراکنش | N8: طبقه بندی تراکنش | O8: توضیحات کاربر
A9: 1 | B9: 1404/07/18 | C9: 20:20:46 | D9: خيابان شهيد مطهري بهشهر (9732) | E9: برداشت | F9: 136587796 | G9: پرداخت قسط وام ملی | H9: BCG10135 | I9: 0116628569008، L1097329246271-17973264589368 | J9: انتقالي | K9: شماره حساب طرف مقابل : 0116628569008، نام کامل طرف مقابل : بانك ملي، شناسه واریز : 10000001404071854، شناسه پرداخت : 17973264589368، توضیحات : L1097329246271-17973264589368 | L9: 36,573,928 | M9: TELLER
E11: پرداخت قسط وام ملی | F11: =F9 -> 136587796

Sheet پارسیان
A2: ردیف | B2: شرح | C2: تاریخ تراکنش | D2: تشخیص | E2: مبلغ واریز | F2: مبلغ برداشت | G2: موجودی | H2: شماره ارجاع | I2: سریال چک/ شماره فیش | J2: شعبه عامل | K2: یادداشت مشتری
A3: 1 | B3: شاپرک تجمیعی . رهگیری :040717061100000438269492867888 شرح:EMPTY فرستنده:مرکزشاپرک | C3: 1404/07/18 | D3: فروش پوز | E3: 40000000 | G3: 8970282103 | H3: B0407185111691361960 | I3: 040717061100000438269492867888 | J3: حسابداري کل (5111)
A4: 2 | B4: شاپرک تجمیعی . رهگیری :040717061100000438296947814832 شرح:EMPTY فرستنده:مرکزشاپرک | C4: 1404/07/18 | D4: فروش پوز | E4: 501151800 | G4: 8930282103 | H4: B0407185111691342700 | I4: 040717061100000438296947814832 | J4: حسابداري کل (5111)
A5: 3 | B5: شاپرک تجمیعی . رهگیری :040717061100000438269488596057 شرح:EMPTY فرستنده:مرکزشاپرک | C5: 1404/07/18 | D5: فروش پوز | E5: 127013650 | G5: 8429130303 | H5: B0407185111691188407 | I5: 040717061100000438269488596057 | J5: حسابداري کل (5111)
A6: 4 | B6: واریز پایا با مشخصات : رهگیری: 140407180182782389 شناسه پرداخت: EMPTY شناسه تراکنش: BTEJ1404071826839.CT01274 شرح: GPAC- نام: محمدتقی عمویی شبا: IR980180000000347785529874 - تجارت | C6: 1404/07/18 | D6: جابجایی از تجارت2987 به پارسیان | E6: 1920000000 | G6: 8302116653 | H6: B0407185111691187476 | I6: 140407180182782389 | J6: حسابداري کل (5111)
A7: 5 | B7: کارمزد تمدید پیامک برداشت از حساب 02000134642000 | C7: 1404/07/18 | D7: کارمزد | F7: 200000 | G7: 6382116653 | H7: B0407185111690478821 | J7: حسابداري کل (5111)
A8: 6 | B8: انتقالی کارمزد پیامک | C8: 1404/07/18 | D8: کارمزد | F8: 763 | G8: 6382316653 | H8: B0407185111690448245 | J8: حسابداري کل (5111)
D10: مجموع | E10: =SUM(E3:E9) -> 2588165450 | F10: =SUM(F7:F9) -> 200763
D12: فروش پوز | E12: =SUM(E3:E5) -> 668165450
D13: جابجایی از تجارت2987 به پارسیان | E13: =E6 -> 1920000000
D14: کارمزد | F14: =SUM(F7:F8) -> 200763
D15: مجموع | E15: =SUM(E12:E13) -> 2588165450 | F15: =SUM(F14) -> 200763

Sheet پارسیان 70004
A2: ردیف | B2: شرح | C2: تاریخ تراکنش | D2: تشخیص | E2: مبلغ واریز | F2: مبلغ برداشت | G2: موجودی | H2: شماره ارجاع | I2: سریال چک/ شماره فیش | J2: شعبه عامل | K2: یادداشت مشتری
A3: 4 | B3: شاپرک تجمیعی . رهگیری :040717061100000438269488512604 شرح:EMPTY فرستنده:مرکزشاپرک | C3: 1404/07/18 | D3: فروش پوز | E3: 836776690 | G3: 847076375 | H3: B0407185111691345261 | I3: 040717061100000438269488512604 | J3: حسابداري کل (5111)
D5: فروش پوز | E5: 836776690
